category,c_index_demo,c_index_demo_std,c_index_combined,c_index_combined_std,p_cindex_demo_vs_combined,auc_demo,auc_demo_std,auc_combined,auc_combined_std,p_auc_demo_vs_combined,n_participants,n_recordings_baseline,n_events,prevalence,from_cache
Cardiovascular disorders,0.4472954913836006,0.08959265596087156,0.3721406289418357,0.09026521799397445,0.04869485780721833,0.5504261945245282,0.09226632384460433,0.5739435588167691,0.12718632515156045,0.5926252023487859,198,564,32,0.16161616161616163,False
"Metabolic, endocrine and reproductive disorders",0.5142452878911211,0.10193898532168644,0.5061013407888407,0.0894915709112075,0.7948001719131577,0.4947962261503928,0.10016984034586858,0.40491351626768285,0.08721264647566224,0.008364544348081145,118,337,50,0.423728813559322,False
