target,source_column,task_type,n_participants,n_recordings_baseline,cv_n_splits,n_repeat_seeds,p_demo,p_combined_vs_demo,AUC_age_sex_bmi,AUC_age_sex_bmi_embeddings,AUC_age_sex_bmi_std,AUC_age_sex_bmi_embeddings_std,prevalence,R2_age_sex_bmi,R2_age_sex_bmi_embeddings,R2_age_sex_bmi_std,R2_age_sex_bmi_embeddings_std
Preoperative hypertension,preop_htn,classification,6154,6154,5,3,1.7774067794565185e-05,0.7334133646016101,0.7579507387049113,0.7571249180356948,0.0021750626298364306,0.0006853644385855318,0.30857978550536236,,,,
Preoperative diabetes,preop_dm,classification,6154,6154,5,3,0.00018693303377817865,0.04073751925867445,0.6555711536890709,0.6688515933599343,0.004255238412274481,0.002781314822288282,0.10172245693857654,,,,
Preoperative pulmonary function,preop_pft,classification,6154,6154,5,3,5.480753664481763e-07,0.9993457265434837,0.7485815886770778,0.7421033151796882,0.00036806070479319844,0.0006944744829230416,0.15973350666233344,,,,
Preoperative hemoglobin,preop_hb,regression,5831,5831,5,3,0.00010302559537841779,0.0016807597076094695,,,,,,0.2070195224650422,0.26965876660080185,0.004203209023995762,0.001035524350591803
Preoperative glucose,preop_gluc,regression,5791,5791,5,3,4.2918444158538566e-05,0.0019798070035205056,,,,,,0.04493586178309835,0.05340188120880059,0.000588807069794391,0.0013403536120950835
