{
  "analysis_type": "signal_reconstructions",
  "generated_at": "2026-05-06T21:38:45+00:00",
  "source_files": [
    "/net/mraid20/ifs/wisdom/segal_lab/jafar/Sarah/ssl_sleep/reconstruction_eval_epoch143/metrics.json"
  ],
  "figure_and_table_usage": [
    "Figure 2",
    "Supplementary Figure 1"
  ],
  "data": {
    "metrics": {
      "checkpoint": "/net/mraid20/export/jafar/SleepFM/ssl_sleep/models/checkpoint-final1000steps_256D_2wNonep128b_SSL_MAE1d_on_segments_in3_out_pat_infra_s120_p125_m0.5_lr0.001_scNone_loss_v3.3_stratFalse_epoch143.pth",
      "test_split_csv": "data_splits/randomstate1/test_ids_randomstate1.csv",
      "random_masking": {
        "train_mae": {
          "mask_ratios": [
            0.1,
            0.2,
            0.3,
            0.4,
            0.5,
            0.6,
            0.7,
            0.8,
            0.9
          ],
          "mse_mean": {
            "0.1": 1.0650808811187744,
            "0.2": 0.8224663734436035,
            "0.3": 4.324979782104492,
            "0.4": 4.753264904022217,
            "0.5": 4.944874286651611,
            "0.6": 22.254661560058594,
            "0.7": 83.552978515625,
            "0.8": 429.0345764160156,
            "0.9": 1638.109130859375
          },
          "mse_std": {
            "0.1": 0.0,
            "0.2": 0.0,
            "0.3": 0.0,
            "0.4": 0.0,
            "0.5": 0.0,
            "0.6": 0.0,
            "0.7": 0.0,
            "0.8": 0.0,
            "0.9": 0.0
          },
          "pearson_mean": {
            "0.1": 0.5585711002349854,
            "0.2": 0.5732210874557495,
            "0.3": 0.5733292698860168,
            "0.4": 0.5776464939117432,
            "0.5": 0.5785858631134033,
            "0.6": 0.5718377232551575,
            "0.7": 0.5675002336502075,
            "0.8": 0.541157603263855,
            "0.9": 0.4585598409175873
          },
          "pearson_std": {
            "0.1": 0.0,
            "0.2": 0.0,
            "0.3": 0.0,
            "0.4": 0.0,
            "0.5": 0.0,
            "0.6": 0.0,
            "0.7": 0.0,
            "0.8": 0.0,
            "0.9": 0.0
          }
        },
        "test_mae": {
          "mask_ratios": [
            0.1,
            0.2,
            0.3,
            0.4,
            0.5,
            0.6,
            0.7,
            0.8,
            0.9
          ],
          "mse_mean": {
            "0.1": 0.822211742401123,
            "0.2": 1.1938761472702026,
            "0.3": 4.291293621063232,
            "0.4": 4.7869133949279785,
            "0.5": 6.058589935302734,
            "0.6": 41.303958892822266,
            "0.7": 139.93508911132812,
            "0.8": 498.00115966796875,
            "0.9": 1782.3533935546875
          },
          "mse_std": {
            "0.1": 0.0,
            "0.2": 0.0,
            "0.3": 0.0,
            "0.4": 0.0,
            "0.5": 0.0,
            "0.6": 0.0,
            "0.7": 0.0,
            "0.8": 0.0,
            "0.9": 0.0
          },
          "pearson_mean": {
            "0.1": 0.5753999948501587,
            "0.2": 0.5716601610183716,
            "0.3": 0.5767223238945007,
            "0.4": 0.573127031326294,
            "0.5": 0.5744258165359497,
            "0.6": 0.5724341869354248,
            "0.7": 0.5654850006103516,
            "0.8": 0.5380280017852783,
            "0.9": 0.44273632764816284
          },
          "pearson_std": {
            "0.1": 0.0,
            "0.2": 0.0,
            "0.3": 0.0,
            "0.4": 0.0,
            "0.5": 0.0,
            "0.6": 0.0,
            "0.7": 0.0,
            "0.8": 0.0,
            "0.9": 0.0
          }
        },
        "train_baseline": {
          "mask_ratios": [
            0.1,
            0.2,
            0.3,
            0.4,
            0.5,
            0.6,
            0.7,
            0.8,
            0.9
          ],
          "mse_mean": {
            "0.1": 0.14821207523345947,
            "0.2": 0.3018587827682495,
            "0.3": 0.45698192715644836,
            "0.4": 0.6183086633682251,
            "0.5": 0.7555875182151794,
            "0.6": 0.9073132276535034,
            "0.7": 1.0241038799285889,
            "0.8": 1.2001389265060425,
            "0.9": 1.3911161422729492
          },
          "mse_std": {
            "0.1": 0.0,
            "0.2": 0.0,
            "0.3": 0.0,
            "0.4": 0.0,
            "0.5": 0.0,
            "0.6": 0.0,
            "0.7": 0.0,
            "0.8": 0.0,
            "0.9": 0.0
          },
          "pearson_mean": {
            "0.1": 0.13139015436172485,
            "0.2": 0.115607850253582,
            "0.3": 0.11307382583618164,
            "0.4": 0.09446229040622711,
            "0.5": 0.07736080139875412,
            "0.6": 0.08018573373556137,
            "0.7": 0.07738251239061356,
            "0.8": 0.06641022861003876,
            "0.9": 0.06405895203351974
          },
          "pearson_std": {
            "0.1": 0.0,
            "0.2": 0.0,
            "0.3": 0.0,
            "0.4": 0.0,
            "0.5": 0.0,
            "0.6": 0.0,
            "0.7": 0.0,
            "0.8": 0.0,
            "0.9": 0.0
          }
        },
        "test_baseline": {
          "mask_ratios": [
            0.1,
            0.2,
            0.3,
            0.4,
            0.5,
            0.6,
            0.7,
            0.8,
            0.9
          ],
          "mse_mean": {
            "0.1": 0.14896441996097565,
            "0.2": 0.3110847473144531,
            "0.3": 0.4615776836872101,
            "0.4": 0.5984527468681335,
            "0.5": 0.7217811346054077,
            "0.6": 0.8761378526687622,
            "0.7": 1.048633098602295,
            "0.8": 1.209709882736206,
            "0.9": 1.3760707378387451
          },
          "mse_std": {
            "0.1": 0.0,
            "0.2": 0.0,
            "0.3": 0.0,
            "0.4": 0.0,
            "0.5": 0.0,
            "0.6": 0.0,
            "0.7": 0.0,
            "0.8": 0.0,
            "0.9": 0.0
          },
          "pearson_mean": {
            "0.1": 0.1375269591808319,
            "0.2": 0.14683809876441956,
            "0.3": 0.1294194608926773,
            "0.4": 0.09467898309230804,
            "0.5": 0.08738988637924194,
            "0.6": 0.10203615576028824,
            "0.7": 0.07993736118078232,
            "0.8": 0.07152123749256134,
            "0.9": 0.08229654282331467
          },
          "pearson_std": {
            "0.1": 0.0,
            "0.2": 0.0,
            "0.3": 0.0,
            "0.4": 0.0,
            "0.5": 0.0,
            "0.6": 0.0,
            "0.7": 0.0,
            "0.8": 0.0,
            "0.9": 0.0
          }
        }
      },
      "forecasting": {
        "mask_ratio": 0.3,
        "train_mae": {
          "time_horizons_sec": [
            0,
            5,
            10
          ],
          "mse_mean": {
            "0": 0.0010204885620623827,
            "5": 0.2537890374660492,
            "10": 0.9461228847503662
          },
          "mse_std": {
            "0": 0.0,
            "5": 0.0,
            "10": 0.0
          },
          "pearson_mean": {
            "0": 0.991540789604187,
            "5": 0.8678296804428101,
            "10": 0.5933979153633118
          },
          "pearson_std": {
            "0": 0.0,
            "5": 0.0,
            "10": 0.0
          }
        },
        "test_mae": {
          "time_horizons_sec": [
            0,
            5,
            10
          ],
          "mse_mean": {
            "0": 0.0021760095842182636,
            "5": 0.3787432909011841,
            "10": 1.180433988571167
          },
          "mse_std": {
            "0": 0.0,
            "5": 0.0,
            "10": 0.0
          },
          "pearson_mean": {
            "0": 0.9908525347709656,
            "5": 0.6926790475845337,
            "10": 0.5573583245277405
          },
          "pearson_std": {
            "0": 0.0,
            "5": 0.0,